{
    "CompleterNpc": "Gohan",
    "NextQuestId": -1,
    "RandomReward": 0b,
    "QuestRepeat": 1,
    "QuestCompletion": 0,
    "Title": "Mata Cell Jr",
    "Text": "",
    "QuestFactionPoints": {
        "DecreaseFaction1Points": 0b,
        "OptionFaction2Points": 100,
        "OptionFactions1": -1,
        "OptionFactions2": -1,
        "OptionFaction1Points": 100,
        "DecreaseFaction2Points": 0b
    },
    "RewardExp": 0,
    "QuestCommand": "/jrmctp 3000 @dp",
    "QuestDialogs": [
        {
            "Value": 5,
            "Slot": "Cell Jr."
        }
    ],
    "ModRev": 16,
    "Type": 2,
    "QuestMail": {
        "Sender": "",
        "BeenRead": 0b,
        "Message": {
        },
        "MailItems": [
        ],
        "MailQuest": -1,
        "TimePast": 1720308310679L,
        "Time": 0L,
        "Subject": ""
    },
    "Rewards": {
        "NpcMiscInv": [
        ]
    },
    "CompleteText": "",
    "NextQuestTitle": ""
}
