{
    "ItemGiverChained": [
    ],
    "TransportData": [
    ],
    "FactionData": [
        {
            "Points": 2000,
            "Faction": 0
        },
        {
            "Points": 1000,
            "Faction": 1
        },
        {
            "Points": 0,
            "Faction": 2
        }
    ],
    "BankData": [
    ],
    "ItemGiversList": [
    ],
    "MailData": [
    ],
    "PlayerName": "Lira_Satoru",
    "QuestData": {
        "CompletedQuests": [
            {
                "Quest": 1,
                "Date": 1115886L
            },
            {
                "Quest": 3,
                "Date": 1232824L
            },
            {
                "Quest": 4,
                "Date": 1697595L
            }
        ],
        "ActiveQuests": [
            {
                "QuestCompleted": 0b,
                "ExtraData": {
                    "Killed": [
                        {
                            "Value": 3,
                            "Slot": "Saibaiman"
                        }
                    ]
                },
                "Quest": 1
            },
            {
                "QuestCompleted": 0b,
                "ExtraData": {
                    "Killed": [
                        {
                            "Value": 2,
                            "Slot": "Cell Jr."
                        }
                    ]
                },
                "Quest": 3
            },
            {
                "QuestCompleted": 1b,
                "ExtraData": {
                    "Killed": [
                        {
                            "Value": 1,
                            "Slot": "Majin Buu"
                        }
                    ]
                },
                "Quest": 4
            }
        ]
    },
    "UUID": "9ee43c28-792f-3448-911d-7cd2720b6917",
    "PlayerCompanionId": 0,
    "DialogData": [
        {
            "Dialog": 4
        },
        {
            "Dialog": 5
        },
        {
            "Dialog": 7
        },
        {
            "Dialog": 9
        },
        {
            "Dialog": 10
        },
        {
            "Dialog": 11
        }
    ]
}
