{
    "ItemGiverChained": [
    ],
    "TransportData": [
    ],
    "FactionData": [
        {
            "Points": 2000,
            "Faction": 0
        },
        {
            "Points": 1000,
            "Faction": 1
        },
        {
            "Points": 0,
            "Faction": 2
        }
    ],
    "BankData": [
    ],
    "ItemGiversList": [
    ],
    "MailData": [
    ],
    "PlayerName": "MauVz",
    "QuestData": {
        "CompletedQuests": [
            {
                "Quest": 1,
                "Date": 964218L
            }
        ],
        "ActiveQuests": [
            {
                "QuestCompleted": 0b,
                "ExtraData": {
                },
                "Quest": 1
            }
        ]
    },
    "UUID": "fa233979-e562-30bc-ab2c-a96f0f119f14",
    "PlayerCompanionId": 0,
    "DialogData": [
        {
            "Dialog": 4
        },
        {
            "Dialog": 5
        }
    ]
}
