{
    "ItemGiverChained": [
    ],
    "TransportData": [
    ],
    "FactionData": [
        {
            "Points": 2000,
            "Faction": 0
        },
        {
            "Points": 1000,
            "Faction": 1
        },
        {
            "Points": 0,
            "Faction": 2
        }
    ],
    "BankData": [
    ],
    "ItemGiversList": [
    ],
    "MailData": [
    ],
    "PlayerName": "MauVz",
    "QuestData": {
        "CompletedQuests": [
            {
                "Quest": 1,
                "Date": 1183836L
            },
            {
                "Quest": 3,
                "Date": 1389386L
            },
            {
                "Quest": 4,
                "Date": 1494530L
            }
        ],
        "ActiveQuests": [
            {
                "QuestCompleted": 1b,
                "ExtraData": {
                    "Killed": [
                        {
                            "Value": 4,
                            "Slot": "Saibaiman"
                        }
                    ]
                },
                "Quest": 1
            }
        ]
    },
    "UUID": "fa233979-e562-30bc-ab2c-a96f0f119f14",
    "PlayerCompanionId": 0,
    "DialogData": [
        {
            "Dialog": 4
        },
        {
            "Dialog": 5
        },
        {
            "Dialog": 7
        },
        {
            "Dialog": 9
        },
        {
            "Dialog": 10
        },
        {
            "Dialog": 11
        }
    ]
}
