{
    "ItemGiverChained": [
    ],
    "TransportData": [
    ],
    "FactionData": [
        {
            "Points": 2000,
            "Faction": 0
        },
        {
            "Points": 1000,
            "Faction": 1
        }
    ],
    "BankData": [
    ],
    "ItemGiversList": [
    ],
    "MailData": [
    ],
    "PlayerName": "Humungo",
    "QuestData": {
        "CompletedQuests": [
            {
                "Quest": 1,
                "Date": 962911L
            }
        ],
        "ActiveQuests": [
            {
                "QuestCompleted": 0b,
                "ExtraData": {
                    "Killed": [
                        {
                            "Value": 2,
                            "Slot": "Saibaiman"
                        }
                    ]
                },
                "Quest": 1
            }
        ]
    },
    "UUID": "fa59cf0a-950f-3357-92a3-38317432b91c",
    "PlayerCompanionId": 0,
    "DialogData": [
        {
            "Dialog": 4
        },
        {
            "Dialog": 5
        }
    ]
}
