{
    "ItemGiverChained": [
    ],
    "TransportData": [
    ],
    "FactionData": [
        {
            "Points": 2000,
            "Faction": 0
        },
        {
            "Points": 1000,
            "Faction": 1
        }
    ],
    "BankData": [
    ],
    "ItemGiversList": [
    ],
    "MailData": [
    ],
    "PlayerName": "Humungo",
    "QuestData": {
        "CompletedQuests": [
            {
                "Quest": 1,
                "Date": 1111890L
            },
            {
                "Quest": 3,
                "Date": 1306312L
            },
            {
                "Quest": 4,
                "Date": 1327780L
            }
        ],
        "ActiveQuests": [
            {
                "QuestCompleted": 1b,
                "ExtraData": {
                    "Killed": [
                        {
                            "Value": 4,
                            "Slot": "Saibaiman"
                        }
                    ]
                },
                "Quest": 1
            },
            {
                "QuestCompleted": 0b,
                "ExtraData": {
                    "Killed": [
                        {
                            "Value": 4,
                            "Slot": "Cell Jr."
                        }
                    ]
                },
                "Quest": 3
            },
            {
                "QuestCompleted": 0b,
                "ExtraData": {
                },
                "Quest": 4
            }
        ]
    },
    "UUID": "fa59cf0a-950f-3357-92a3-38317432b91c",
    "PlayerCompanionId": 0,
    "DialogData": [
        {
            "Dialog": 4
        },
        {
            "Dialog": 5
        },
        {
            "Dialog": 7
        },
        {
            "Dialog": 9
        },
        {
            "Dialog": 10
        },
        {
            "Dialog": 11
        }
    ]
}
