{"stat.useItem.61":2,"stat.craftItem.61":1,"stat.leaveGame":7,"stat.mineBlock.18":4,"stat.useItem.123":38,"stat.mineBlock.17":13,"stat.jump":3935,"stat.swimOneCm":52453,"stat.fallOneCm":720888,"stat.climbOneCm":4186,"achievement.buildWorkBench":2,"achievement.exploreAllBiomes":{"value":0,"progress":["Sunflower Plains","Birch Forest","Roofed Forest","Time Chamber","Beach","Extreme Hills+","Namek","River","Ocean","Taiga","Swampland","Other World","Birch Forest Hills","ForestHills","Flower Forest","Plains","TaigaHills","Other World type 4","Stone Beach","Other World type 3","Other World type 2","Forest","Extreme Hills","Dirty Stony","Deep Ocean"]},"stat.craftItem.364":28,"stat.craftItem.5":24,"stat.damageTaken":-2145536290,"stat.mineBlock.3":10,"stat.mineBlock.1":15,"stat.killEntity.Enderman":2,"stat.mineBlock.61":1,"stat.flyOneCm":2615850,"achievement.buildPickaxe":4,"stat.damageDealt":40550,"achievement.buildBetterPickaxe":2,"stat.killEntity.Cow":53,"stat.killEntity.Pig":65,"stat.useItem.58":1,"stat.useItem.274":1,"stat.useItem.152":53,"stat.craftItem.263":4,"stat.walkOneCm":2491714,"stat.playerKills":4,"stat.mineBlock.175":4,"stat.killEntity.Creeper":7,"stat.mineBlock.58":1,"achievement.mineWood":16,"stat.killEntity.Skeleton":6,"stat.useItem.89":172,"stat.craftItem.320":95,"achievement.openInventory":309,"stat.killEntity.Chicken":12,"stat.craftItem.280":4,"stat.killEntity.Spider":8,"stat.mobKills":374,"achievement.buildFurnace":2,"stat.mineBlock.38":1,"stat.craftItem.58":1,"stat.craftItem.274":1,"stat.deaths":24,"stat.mineBlock.37":1,"stat.drop":155,"stat.mineBlock.39":1,"stat.useItem.145":1,"stat.playOneMinute":738561,"stat.killEntity.Sheep":22,"stat.craftItem.270":1,"stat.useItem.3":94,"stat.killEntity.Zombie":10,"stat.useItem.17":1,"stat.useItem.18":4,"stat.useItem.270":15,"stat.diveOneCm":278564,"stat.mineBlock.31":106}