{"stat.useItem.61":4,"stat.craftItem.61":2,"stat.leaveGame":13,"stat.mineBlock.18":5,"stat.useItem.123":38,"stat.mineBlock.17":13,"stat.jump":7164,"stat.swimOneCm":72632,"stat.fallOneCm":1809503,"stat.climbOneCm":4262,"achievement.buildWorkBench":4,"achievement.exploreAllBiomes":{"value":0,"progress":["Sunflower Plains","Birch Forest","Roofed Forest","Time Chamber","Beach","Extreme Hills+","Namek","River","Ocean","Taiga","Swampland","Other World","Birch Forest Hills","ForestHills","Null Realm","Flower Forest","Plains","TaigaHills","Other World type 4","Stone Beach","Other World type 3","Other World type 2","Forest","Extreme Hills","Dirty Stony","Deep Ocean"]},"stat.craftItem.364":28,"stat.craftItem.5":52,"stat.damageTaken":9600975,"stat.mineBlock.3":12,"stat.mineBlock.1":27,"stat.killEntity.Enderman":2,"stat.mineBlock.61":2,"stat.flyOneCm":4784646,"achievement.buildPickaxe":8,"stat.damageDealt":75115,"achievement.buildBetterPickaxe":2,"stat.killEntity.Cow":55,"stat.killEntity.Pig":71,"stat.useItem.58":2,"stat.useItem.274":1,"stat.useItem.152":53,"stat.craftItem.263":4,"stat.walkOneCm":4355114,"stat.playerKills":12,"stat.mineBlock.175":5,"stat.killEntity.Creeper":10,"stat.mineBlock.58":1,"achievement.mineWood":19,"stat.useItem.35":2,"stat.killEntity.Skeleton":18,"stat.useItem.89":172,"stat.craftItem.320":95,"achievement.openInventory":445,"stat.killEntity.Chicken":13,"stat.craftItem.280":8,"stat.killEntity.Spider":13,"stat.mobKills":736,"achievement.buildFurnace":4,"stat.mineBlock.38":1,"stat.craftItem.58":2,"stat.craftItem.274":1,"stat.deaths":51,"stat.mineBlock.37":1,"stat.drop":188,"stat.mineBlock.39":1,"stat.useItem.145":1,"stat.playOneMinute":1303374,"stat.useItem.1":1,"stat.killEntity.Sheep":34,"stat.useItem.5":3,"stat.craftItem.270":3,"stat.useItem.3":94,"stat.killEntity.Zombie":29,"stat.useItem.17":1,"stat.useItem.18":4,"stat.useItem.270":29,"stat.diveOneCm":366908,"stat.mineBlock.31":134}