{"stat.walkOneCm":2030186,"stat.playerKills":18,"stat.leaveGame":7,"stat.killEntity.Creeper":9,"stat.mineBlock.18":10,"stat.jump":4313,"stat.swimOneCm":44726,"stat.fallOneCm":1631509,"stat.climbOneCm":990,"stat.entityKilledBy.Skeleton":1,"achievement.mineWood":2,"achievement.exploreAllBiomes":{"value":0,"progress":["Birch Forest Hills","Sunflower Plains","ForestHills","Null Realm","Birch Forest","Flower Forest","Roofed Forest","Plains","Time Chamber","TaigaHills","Other World type 4","Beach","Extreme Hills+","Other World type 3","Other World type 2","Forest","Ocean","River","Taiga","Extreme Hills","Swampland","Dirty Stony","Other World","Deep Ocean"]},"stat.useItem.35":1,"stat.killEntity.Skeleton":6,"achievement.openInventory":454,"stat.killEntity.Chicken":17,"stat.damageTaken":-2139800019,"stat.killEntity.Spider":5,"stat.mineBlock.3":1,"stat.killEntity.Enderman":1,"stat.mobKills":663,"stat.flyOneCm":4353567,"stat.mineBlock.38":1,"stat.deaths":30,"stat.drop":78,"stat.playOneMinute":904911,"stat.killEntity.Sheep":5,"stat.useItem.3":1,"stat.damageDealt":138250,"stat.killEntity.Zombie":8,"stat.killEntity.Cow":2,"stat.killEntity.Pig":2,"stat.diveOneCm":556088,"stat.mineBlock.31":38}