{"stat.walkOneCm":2028976,"stat.playerKills":18,"stat.leaveGame":6,"stat.killEntity.Creeper":9,"stat.mineBlock.18":10,"stat.jump":4285,"stat.swimOneCm":44629,"stat.fallOneCm":1616173,"stat.climbOneCm":990,"stat.entityKilledBy.Skeleton":1,"achievement.mineWood":2,"achievement.exploreAllBiomes":{"value":0,"progress":["Birch Forest Hills","Sunflower Plains","ForestHills","Null Realm","Birch Forest","Flower Forest","Roofed Forest","Plains","Time Chamber","TaigaHills","Other World type 4","Beach","Extreme Hills+","Other World type 3","Other World type 2","Forest","Ocean","River","Taiga","Extreme Hills","Swampland","Dirty Stony","Other World","Deep Ocean"]},"stat.useItem.35":1,"stat.killEntity.Skeleton":6,"achievement.openInventory":454,"stat.killEntity.Chicken":17,"stat.damageTaken":-2139801594,"stat.killEntity.Spider":5,"stat.mineBlock.3":1,"stat.killEntity.Enderman":1,"stat.mobKills":663,"stat.flyOneCm":4346702,"stat.mineBlock.38":1,"stat.deaths":29,"stat.drop":78,"stat.playOneMinute":890032,"stat.killEntity.Sheep":5,"stat.useItem.3":1,"stat.damageDealt":138250,"stat.killEntity.Zombie":8,"stat.killEntity.Cow":2,"stat.killEntity.Pig":2,"stat.diveOneCm":550296,"stat.mineBlock.31":38}