{"stat.walkOneCm":452388,"stat.playerKills":1,"stat.leaveGame":5,"stat.killEntity.Creeper":3,"stat.mineBlock.18":10,"stat.jump":1235,"stat.swimOneCm":25343,"stat.fallOneCm":424671,"stat.entityKilledBy.Skeleton":1,"achievement.exploreAllBiomes":{"value":0,"progress":["Sunflower Plains","ForestHills","Birch Forest","Flower Forest","Plains","Time Chamber","TaigaHills","Beach","Extreme Hills+","Other World type 2","Forest","Ocean","River","Taiga","Extreme Hills","Other World","Deep Ocean"]},"stat.useItem.35":1,"stat.killEntity.Skeleton":3,"achievement.openInventory":51,"stat.killEntity.Chicken":17,"stat.damageTaken":478410,"stat.killEntity.Spider":1,"stat.mineBlock.3":1,"stat.mobKills":121,"stat.flyOneCm":1534314,"stat.mineBlock.38":1,"stat.deaths":11,"stat.drop":52,"stat.playOneMinute":272250,"stat.killEntity.Sheep":5,"stat.useItem.3":1,"stat.damageDealt":30230,"stat.killEntity.Zombie":3,"stat.killEntity.Cow":2,"stat.killEntity.Pig":2,"stat.diveOneCm":267056,"stat.mineBlock.31":22}