{"stat.craftItem.61":9,"stat.leaveGame":23,"stat.mineBlock.16":118,"stat.mineBlock.15":56,"stat.mineBlock.18":16,"stat.useItem.123":5,"stat.mineBlock.17":53,"stat.swimOneCm":154992,"stat.climbOneCm":3184,"achievement.buildWorkBench":26,"achievement.exploreAllBiomes":{"value":0,"progress":["Sunflower Plains","Birch Forest","Roofed Forest","Time Chamber","Beach","Extreme Hills+","River","Ocean","Taiga","Swampland","Other World","Birch Forest Hills","ForestHills","Null Realm","Flower Forest","Plains","TaigaHills","Other World type 4","Stone Beach","Other World type 3","Other World type 2","Forest","Extreme Hills","Dirty Stony","Deep Ocean"]},"stat.craftItem.364":64,"stat.craftItem.366":19,"stat.mineBlock.4":2,"stat.mineBlock.5":3,"stat.mineBlock.3":2,"stat.mineBlock.1":142,"stat.killEntity.Enderman":2,"stat.flyOneCm":8063035,"stat.craftItem.351":9,"achievement.buildPickaxe":18,"stat.killEntity.Witch":1,"achievement.buildBetterPickaxe":12,"stat.mineBlock.175":3,"stat.killEntity.Creeper":14,"achievement.buildSword":11,"achievement.mineWood":55,"stat.killEntity.Squid":2,"stat.useItem.89":45,"stat.craftItem.320":76,"stat.breakItem.274":2,"achievement.openInventory":827,"achievement.killEnemy":177,"achievement.buildFurnace":18,"stat.craftItem.58":13,"stat.deaths":33,"stat.drop":254,"stat.playOneMinute":925916,"stat.craftItem.50":4,"stat.killEntity.Sheep":7,"stat.craftItem.54":2,"stat.killEntity.Zombie":41,"stat.craftItem.306":2,"stat.diveOneCm":1446268,"stat.useItem.61":12,"stat.jump":6780,"stat.fallOneCm":2056838,"achievement.killCow":22,"stat.craftItem.5":208,"stat.damageTaken":-2131920779,"stat.mineBlock.61":10,"stat.useItem.54":2,"stat.killEntity.CaveSpider":8,"stat.damageDealt":179820,"stat.killEntity.Cow":43,"stat.killEntity.Pig":54,"stat.useItem.58":15,"stat.useItem.274":378,"stat.useItem.152":3,"stat.useItem.275":89,"stat.walkOneCm":3267027,"stat.craftItem.265":36,"stat.playerKills":5,"stat.craftItem.258":2,"stat.mineBlock.58":5,"stat.craftItem.257":1,"stat.useItem.37":1,"stat.killEntity.Skeleton":30,"stat.useItem.258":2,"stat.useItem.257":73,"stat.killEntity.Chicken":27,"stat.craftItem.280":36,"stat.killEntity.Spider":10,"stat.breakItem.306":1,"stat.mobKills":858,"stat.craftItem.272":1,"stat.craftItem.274":5,"stat.craftItem.275":2,"stat.mineBlock.37":4,"achievement.acquireIron":12,"stat.mineBlock.39":1,"stat.useItem.4":7,"stat.useItem.5":10,"stat.craftItem.270":3,"stat.useItem.3":2,"stat.useItem.18":1,"stat.mineBlock.30":15,"stat.useItem.270":42,"stat.mineBlock.31":127,"stat.useItem.272":53}